<soapenv:Envelope xmlns:soapenv="http://schemas.xmlsoap.org/soap/envelope/" xmlns:ws="http://ws.workflow.ecm.technology.totvs.com/">
   <soapenv:Header/>
   <soapenv:Body>
      <ws:simpleStartProcess>
         <username>wcm.academy</username>
         <password>wcm.academy</password>
         <companyId>40</companyId>
         <processId>HELP_DESK</processId>
         <comments>feito com sucesso</comments>
         <attachments></attachments>
         <cardData>
            <item>
            	<item>name</item>
            	<item name="name"></item>
            </item>
            
             <item>
            	<item>email</item>
            	<item name="email">rodrigo.becker02@hotmail.com</item>
            </item>
				
			 <item>
            	<item>ramal</item>
            	<item name="ramal">89323</item>
            </item>
			
			 <item>
            	<item>departamento</item>
            	<item name="departamento">fluig</item>
            </item>
            
            <item>
            	<item>tipo_incidente</item>
            	<item name="tipo_incidente">Errror</item>
            </item>
            
             <item>
            	<item>dsIncidente</item>
            	<item name="dsIncidente">Errror</item>
            </item>
	
             <item>
            	<item>idPapelResponsavel</item>
            	<item>admin</item>
            </item>
         </cardData>
      </ws:simpleStartProcess>
   </soapenv:Body>
</soapenv:Envelope>